{"stat.killEntity.EntityHorse":1,"stat.leaveGame":6,"stat.craftItem.339":12,"stat.mineBlock.13":2,"stat.mineBlock.16":10,"stat.mineBlock.15":11,"stat.mineBlock.17":7,"stat.swimOneCm":21180,"stat.climbOneCm":2154,"tconstruct.pattern":2,"achievement.buildWorkBench":4,"achievement.exploreAllBiomes":{"value":0,"progress":["Sunflower Plains","ForestHills","Eerie","Roofed Forest","River","Forest","MushroomIslandShore","Plains","Extreme Hills","MushroomIsland","Extreme Hills+ M"]},"stat.mineBlock.12":6,"stat.craftItem.366":3,"stat.useItem.338":12,"stat.mineBlock.4":8,"stat.mineBlock.110":2,"stat.mineBlock.3":53,"achievement.botania:flowerPickup":14,"stat.mineBlock.1":208,"stat.flyOneCm":884627,"stat.craftItem.351":3,"achievement.buildPickaxe":1,"stat.craftItem.96":2,"stat.killEntity.MushroomCow":7,"achievement.buildBetterPickaxe":1,"stat.craftItem.20":4,"stat.killEntity.Creeper":2,"tconstruct.beginner":1,"stat.useItem.324":1,"stat.useItem.323":5,"stat.entityKilledBy.Skeleton":1,"achievement.mineWood":12,"stat.killEntity.Squid":10,"stat.craftItem.320":6,"stat.craftItem.323":12,"achievement.openInventory":225,"stat.mineBlock.161":1,"stat.craftItem.44":12,"stat.craftItem.58":3,"stat.deaths":1,"stat.drop":143,"stat.playOneMinute":272730,"stat.craftItem.50":20,"stat.killEntity.Sheep":3,"stat.craftItem.54":12,"stat.killEntity.Zombie":42,"stat.diveOneCm":11650,"stat.useItem.61":2,"stat.craftItem.297":2,"stat.jump":4117,"stat.fallOneCm":112208,"stat.useItem.295":4,"stat.craftItem.5":156,"stat.damageTaken":8199,"stat.mineBlock.61":2,"stat.useItem.54":6,"stat.useItem.50":15,"tconstruct.tinkerer":2,"stat.damageDealt":17940,"stat.killEntity.Cow":4,"stat.killEntity.Pig":10,"stat.walkOneCm":1378776,"stat.craftItem.265":28,"stat.craftItem.266":3,"stat.mineBlock.58":1,"stat.craftItem.371":27,"stat.craftItem.257":1,"stat.mineBlock.50":3,"stat.craftItem.126":6,"stat.killEntity.Skeleton":6,"stat.useItem.256":66,"stat.useItem.257":8,"stat.killEntity.Chicken":7,"stat.craftItem.280":40,"stat.craftItem.281":8,"stat.killEntity.Spider":8,"stat.mobKills":102,"stat.useItem.380":1,"stat.mineBlock.37":3,"stat.mineBlock.39":4,"stat.useItem.4":5,"stat.breakItem.300":1,"stat.useItem.5":2,"stat.useItem.3":77,"stat.useItem.391":1,"stat.mineBlock.31":66,"stat.useItem.392":3}