{"stat.useItem.351":9,"stat.craftItem.61":2,"stat.craftItem.67":44,"stat.leaveGame":11,"stat.mineBlock.14":20,"stat.mineBlock.13":120,"stat.mineBlock.16":264,"stat.mineBlock.15":149,"stat.mineBlock.18":2,"stat.mineBlock.17":79,"stat.swimOneCm":12049,"achievement.buildWorkBench":8,"achievement.theFirstStep":1,"achievement.ae2.ChargedQuartz":4,"stat.craftItem.325":4,"achievement.exploreAllBiomes":{"value":0,"progress":["ForestHills","Eerie","River","Forest","MushroomIslandShore","Plains","Extreme Hills","MushroomIsland"]},"stat.mineBlock.12":112,"tconstruct.smelteryMaker":7,"stat.craftItem.364":4,"stat.mineBlock.4":34,"stat.mineBlock.5":2,"achievement.diamonds":19,"stat.mineBlock.3":109,"achievement.botania:flowerPickup":5,"stat.mineBlock.1":2081,"stat.flyOneCm":917241,"stat.craftItem.351":9,"achievement.buildPickaxe":6,"stat.killEntity.Witch":1,"stat.killEntity.MushroomCow":2,"achievement.buildBetterPickaxe":6,"stat.craftItem.20":8,"ic2.acquireRefinedIron":3,"stat.killEntity.Creeper":2,"tconstruct.beginner":2,"stat.useItem.323":1,"achievement.buildSword":2,"achievement.mineWood":80,"stat.breakItem.272":1,"stat.breakItem.274":4,"achievement.openInventory":253,"stat.craftItem.42":4,"stat.breakItem.273":1,"achievement.killEnemy":47,"achievement.buildFurnace":3,"stat.craftItem.58":5,"stat.deaths":1,"stat.drop":127,"stat.playOneMinute":316827,"stat.craftItem.50":244,"stat.craftItem.54":5,"stat.killEntity.Zombie":34,"stat.diveOneCm":3050,"stat.useItem.67":13,"stat.useItem.61":2,"achievement.buildHoe":2,"stat.breakItem.257":1,"stat.mineBlock.82":12,"stat.craftItem.297":6,"stat.jump":3209,"stat.useItem.73":2,"stat.fallOneCm":96368,"stat.craftItem.291":1,"stat.useItem.295":30,"stat.craftItem.5":120,"stat.damageTaken":-2147477488,"stat.mineBlock.67":1,"stat.useItem.54":11,"stat.useItem.50":188,"stat.damageDealt":10550,"stat.mineBlock.73":46,"stat.useItem.58":4,"stat.useItem.274":605,"stat.useItem.273":134,"stat.useItem.275":42,"stat.walkOneCm":1206696,"stat.craftItem.265":83,"stat.craftItem.266":36,"stat.blockChiseled":424,"stat.mineBlock.58":4,"stat.craftItem.256":1,"stat.craftItem.257":2,"stat.mineBlock.50":39,"stat.mineBlock.54":5,"stat.useItem.291":10,"stat.mineBlock.56":19,"stat.killEntity.Skeleton":8,"stat.useItem.256":213,"stat.useItem.257":454,"stat.craftItem.280":88,"stat.killEntity.Spider":4,"stat.mobKills":52,"stat.craftItem.272":2,"stat.craftItem.393":11,"stat.craftItem.273":1,"stat.craftItem.152":20,"stat.craftItem.274":4,"achievement.acquireIron":4,"stat.useItem.1":2,"stat.useItem.4":61,"stat.craftItem.271":1,"stat.useItem.3":103,"stat.useItem.17":3,"stat.mineBlock.31":31,"stat.useItem.272":190,"stat.useItem.271":32,"stat.useItem.392":9}