{"stat.useItem.274":21,"stat.useItem.275":69,"stat.walkOneCm":129671,"achievement.openInventory":29,"stat.craftItem.5":16,"stat.leaveGame":2,"stat.craftItem.280":12,"stat.damageTaken":300,"stat.mineBlock.3":10,"achievement.botania:flowerPickup":2,"stat.mineBlock.1":12,"stat.mobKills":5,"stat.mineBlock.58":1,"stat.flyOneCm":68402,"stat.useItem.6":2,"stat.craftItem.58":2,"stat.craftItem.274":1,"stat.craftItem.275":0,"stat.mineBlock.18":2,"tconstruct.beginner":1,"stat.mineBlock.17":10,"stat.drop":1,"stat.jump":356,"achievement.buildPickaxe":2,"stat.playOneMinute":19587,"stat.fallOneCm":11594,"stat.killEntity.MushroomCow":3,"achievement.buildWorkBench":3,"stat.craftItem.270":1,"stat.damageDealt":715,"achievement.buildBetterPickaxe":1,"achievement.mineWood":10,"stat.killEntity.Pig":1,"achievement.exploreAllBiomes":{"value":0,"progress":["Forest","MushroomIslandShore","Plains","Extreme Hills","MushroomIsland"]},"stat.useItem.270":3,"stat.mineBlock.31":50,"stat.useItem.58":2,"stat.mineBlock.99":49}