{"stat.useItem.61":2,"stat.killEntity.EntityHorse":1,"stat.leaveGame":3,"stat.craftItem.339":3,"stat.mineBlock.13":2,"stat.mineBlock.16":10,"stat.mineBlock.15":11,"stat.craftItem.297":2,"stat.mineBlock.17":7,"stat.jump":3451,"stat.swimOneCm":17336,"stat.fallOneCm":92055,"stat.climbOneCm":2154,"tconstruct.pattern":2,"achievement.buildWorkBench":4,"achievement.exploreAllBiomes":{"value":0,"progress":["Sunflower Plains","ForestHills","Eerie","Roofed Forest","River","Forest","MushroomIslandShore","Plains","Extreme Hills","MushroomIsland","Extreme Hills+ M"]},"stat.mineBlock.12":6,"stat.useItem.295":4,"stat.craftItem.366":3,"stat.craftItem.5":156,"stat.damageTaken":6370,"stat.mineBlock.4":6,"stat.mineBlock.110":2,"stat.mineBlock.3":53,"achievement.botania:flowerPickup":14,"stat.mineBlock.1":206,"stat.mineBlock.61":2,"stat.useItem.54":6,"stat.flyOneCm":729544,"stat.craftItem.351":3,"stat.useItem.50":14,"achievement.buildPickaxe":1,"tconstruct.tinkerer":2,"stat.craftItem.96":2,"stat.killEntity.MushroomCow":7,"stat.damageDealt":13530,"achievement.buildBetterPickaxe":1,"stat.killEntity.Cow":4,"stat.killEntity.Pig":9,"stat.walkOneCm":1146185,"stat.craftItem.265":19,"stat.craftItem.266":3,"stat.craftItem.20":4,"stat.killEntity.Creeper":2,"stat.mineBlock.58":1,"stat.craftItem.371":9,"tconstruct.beginner":1,"stat.useItem.324":1,"stat.useItem.323":5,"stat.craftItem.257":1,"stat.entityKilledBy.Skeleton":1,"achievement.mineWood":12,"stat.killEntity.Squid":9,"stat.mineBlock.50":2,"stat.craftItem.126":6,"stat.killEntity.Skeleton":3,"stat.useItem.256":66,"stat.craftItem.320":6,"stat.craftItem.323":12,"stat.useItem.257":1,"achievement.openInventory":177,"stat.killEntity.Chicken":4,"stat.mineBlock.161":1,"stat.craftItem.280":40,"stat.craftItem.281":8,"stat.craftItem.44":12,"stat.killEntity.Spider":4,"stat.mobKills":78,"stat.craftItem.58":3,"stat.mineBlock.37":3,"stat.deaths":1,"stat.mineBlock.39":4,"stat.drop":124,"stat.playOneMinute":211208,"stat.craftItem.50":20,"stat.killEntity.Sheep":3,"stat.useItem.4":3,"stat.useItem.5":2,"stat.craftItem.54":12,"stat.useItem.3":77,"stat.killEntity.Zombie":30,"stat.useItem.391":1,"stat.mineBlock.31":55,"stat.diveOneCm":11650,"stat.useItem.392":3}