{"stat.useItem.351":9,"stat.craftItem.61":2,"stat.craftItem.67":44,"stat.leaveGame":8,"stat.mineBlock.14":20,"stat.mineBlock.13":71,"stat.mineBlock.16":148,"stat.mineBlock.15":80,"stat.mineBlock.18":2,"stat.mineBlock.17":77,"stat.swimOneCm":11780,"achievement.buildWorkBench":6,"achievement.theFirstStep":1,"achievement.ae2.ChargedQuartz":3,"stat.craftItem.325":4,"achievement.exploreAllBiomes":{"value":0,"progress":["ForestHills","Eerie","River","Forest","MushroomIslandShore","Plains","Extreme Hills","MushroomIsland"]},"stat.mineBlock.12":112,"tconstruct.smelteryMaker":7,"stat.craftItem.364":4,"stat.mineBlock.4":32,"stat.mineBlock.5":2,"stat.mineBlock.3":64,"achievement.botania:flowerPickup":3,"stat.mineBlock.1":837,"stat.flyOneCm":720819,"stat.craftItem.351":9,"achievement.buildPickaxe":4,"stat.killEntity.MushroomCow":2,"achievement.buildBetterPickaxe":4,"stat.craftItem.20":8,"ic2.acquireRefinedIron":3,"stat.killEntity.Creeper":1,"tconstruct.beginner":2,"stat.useItem.323":1,"achievement.buildSword":2,"achievement.mineWood":78,"stat.breakItem.272":1,"stat.breakItem.274":4,"achievement.openInventory":197,"stat.craftItem.42":4,"stat.breakItem.273":1,"achievement.killEnemy":40,"achievement.buildFurnace":3,"stat.craftItem.58":4,"stat.deaths":1,"stat.drop":69,"stat.playOneMinute":245294,"stat.craftItem.50":244,"stat.craftItem.54":5,"stat.killEntity.Zombie":32,"stat.diveOneCm":3050,"stat.useItem.67":13,"stat.useItem.61":2,"achievement.buildHoe":2,"stat.mineBlock.82":12,"stat.craftItem.297":6,"stat.jump":2337,"stat.useItem.73":2,"stat.fallOneCm":68794,"stat.craftItem.291":1,"stat.useItem.295":27,"stat.craftItem.5":112,"stat.damageTaken":-2147479070,"stat.mineBlock.67":1,"stat.useItem.54":11,"stat.useItem.50":174,"stat.damageDealt":9110,"stat.mineBlock.73":5,"stat.useItem.58":3,"stat.useItem.274":605,"stat.useItem.273":134,"stat.useItem.275":42,"stat.walkOneCm":897604,"stat.craftItem.265":83,"stat.craftItem.266":36,"stat.blockChiseled":118,"stat.mineBlock.58":3,"stat.craftItem.256":1,"stat.mineBlock.50":26,"stat.mineBlock.54":5,"stat.useItem.291":10,"stat.killEntity.Skeleton":5,"stat.useItem.256":116,"stat.useItem.257":230,"stat.craftItem.280":80,"stat.killEntity.Spider":4,"stat.mobKills":45,"stat.craftItem.272":2,"stat.craftItem.393":11,"stat.craftItem.273":1,"stat.craftItem.274":4,"achievement.acquireIron":4,"stat.useItem.1":2,"stat.useItem.4":47,"stat.craftItem.271":1,"stat.useItem.3":58,"stat.useItem.17":1,"stat.mineBlock.31":27,"stat.useItem.272":160,"stat.useItem.271":32,"stat.useItem.392":7}